{"extensionType":"field_faas","i18nMap":{"zh-CN":{"startTime":"开始时间","endTime":"结束时间","count":"工作日天数","includeEndDay":"是否包含结束日期","dayoffList":"节假日清单","workdayList":"特殊工作日清单","T":"包含","F":"不包含"},"en-US":{"startTime":"Start Time","endTime":"End Time","count":"Number of Workdays","includeEndDay":"Include End Date","dayoffList":"List of Holidays","workdayList":"List of Special Workdays","T":"Include","F":"Do Not Include"},"ja-JP":{"startTime":"開始時間","endTime":"終了時間","count":"営業日数","includeEndDay":"終了日を含むか","dayoffList":"祝日リスト","workdayList":"特別営業日リスト","T":"含む","F":"含まない"}},"fields":[{"fieldType":25,"uiSchema":{"fieldsConfigEditor":{"component":"OpenFieldMetaEditor","props":{"schema":{"items":[{"key":"startTime","label":"${{startTime}}","component":"FieldSelect","props":{"supportType":[5]},"validator":{"required":true}},{"key":"endTime","label":"${{endTime}}","component":"FieldSelect","props":{"supportType":[5]},"validator":{"required":true}},{"key":"includeEndDay","label":"${{includeEndDay}}","component":"Radio","props":{"options":[{"label":"${{T}}","value":true},{"label":"${{F}}","value":false}]},"validator":{"required":false}}]}}}},"presetFieldConfig":{"fieldProperty":{"propertyType":25,"icon":{"light":"https://lf3-static.bytednsdoc.com/obj/eden-cn/abjayvoz/ljhwZthlaukjlkulzlp/2024H2/gongzuoritianshu.png?x-resource-account=public"},"properties":[{"key":"id","title":"id","hidden":true,"propertyType":1},{"key":"primaryProperty","title":"${{count}}","extra":{"formatter":"0"},"propertyType":2},{"key":"dayoffList","title":"${{dayoffList}}","propertyType":1},{"key":"workdayList","title":"${{workdayList}}","propertyType":1}]},"externalEditorConfig":{}},"disableAutoUpdate":false}]}